{"episode_rewards": [553.2559670781792, 595.6174904942823, 410.7238095237976, 302.730402930391, 704.5138047137883, 195.55614035086626, 245.59439252335412, 380.36537102473545, 706.1380281689994, 189.73583617747056, 263.74557823127924, 551.9739130434693, 657.9120943952734, 545.9538461538414, 714.8470219435577], "mean": 467.91091311688564, "std": 187.51832187139712}