{"episode_rewards": [671.5391304347745, 647.0118959107675, 788.2892086330779, 499.18837920488954, 671.7869706840264, 71.44179104478106, 388.6788395904323, 672.9629392971129, 63.97283950617742, 679.9418439716192, 539.5306397306277, 346.1087248322151, 474.6987854250874, 334.58260869563935, 514.6409893992836], "mean": 490.95837242403405, "std": 210.45444227904815}