{"episode_rewards": [426.0, 194.0, 184.0, 158.0, 157.0, 184.0, 160.0, 197.0, 153.0, 160.0, 189.0, 161.0, 162.0, 403.0, 164.0], "mean": 203.46666666666667, "std": 84.08952900860422}