{"episode_rewards": [66.0, 284.0, 146.0, 252.0, 68.0, 109.0, 281.0, 74.0, 63.0, 105.0, 202.0, 135.0, 68.0, 104.0, 256.0], "mean": 147.53333333333333, "std": 81.35589850909534}