{"number_episodes": 1, "episode_rewards": [710.9999999999471], "mean_all_episodes": 710.9999999999471, "std_all_episodes": 0.0}