{"episode_rewards": [700.5872852233534, 474.29446366781104, -27.183333333334165, 296.62131147540765, 550.0766784452198, -64.88873239436695, 47.335897435899874, 611.0913357400598, -11.713754646836207, 37.77417218543161, -2.9650154798751487, 304.58227424748156, 173.87260273973067, 181.7996960486226, 53.47142857142766], "mean": 221.65042066173555, "std": 246.37650723516938}