{"number_episodes": 7, "episode_rewards": [885.9999999999886, 832.8999999999642, 881.6999999999872, 878.5999999999804, 861.899999999973, 895.3999999999879, 896.1999999999884], "mean_all_episodes": 876.0999999999814, "std_all_episodes": 20.632844828443744}