{"episode_rewards": [618.6499999999846, 60.6142857142906, 242.46055363320676, 658.5206896551553, 37.69527559055446, 261.6747440272909, 222.2684210526291, 101.26518771331564, 277.45102040815607, 197.51904761905317, 305.7823529411657, 385.2420195439608, 453.95405405404125, 85.77360594796053, 313.0147540983611], "mean": 281.4590674666084, "std": 180.63216076944613}