{"episode_rewards": [470.32253521125324, 238.94109589039962, 874.258974358961, 874.3408945686755, 673.1919254658217, -0.43222591362085694, 336.46716417908715, 691.4309446253887, 740.7408408408247, 883.2333333333214, 902.9999999999872, 488.5524822694879, 918.5999999999835, 810.443130990403, 761.1099644127956], "mean": 644.2800706821847, "std": 269.31298450436486}