{"number_episodes": 1, "episode_rewards": [787.3999999999623], "mean_all_episodes": 787.3999999999623, "std_all_episodes": 0.0}