{"number_episodes": 3, "episode_rewards": [906.4999999999876, 883.2999999999851, 879.6999999999776], "mean_all_episodes": 889.8333333333168, "std_all_episodes": 11.876400502213087}