{"number_episodes": 3, "episode_rewards": [885.9999999999886, 832.8999999999642, 881.6999999999872], "mean_all_episodes": 866.8666666666467, "std_all_episodes": 24.08212799753022}