{"number_episodes": 14, "episode_rewards": [710.9999999999471, 537.0999999999067, 346.3999999998691, 849.0999999999796, 760.1999999999543, 853.9999999999698, 864.6999999999723, 925.8999999999876, 888.1999999999775, 883.0999999999774, 896.7999999999819, 756.3999999999611, 909.2999999999818, 916.8999999999886], "mean_all_episodes": 792.7928571428182, "std_all_episodes": 160.48566230705134}