{"number_episodes": 3, "episode_rewards": [856.999999999976, 876.9999999999816, 804.8999999999661], "mean_all_episodes": 846.2999999999746, "std_all_episodes": 30.39155584479107}