{"number_episodes": 2, "episode_rewards": [710.9999999999471, 537.0999999999067], "mean_all_episodes": 624.049999999927, "std_all_episodes": 86.95000000002022}