{"number_episodes": 2, "episode_rewards": [815.5999999999642, 883.59999999998], "mean_all_episodes": 849.5999999999722, "std_all_episodes": 34.0000000000079}