{"number_episodes": 6, "episode_rewards": [710.9999999999471, 537.0999999999067, 346.3999999998691, 849.0999999999796, 760.1999999999543, 853.9999999999698], "mean_all_episodes": 676.2999999999378, "std_all_episodes": 181.60904896695135}