{"number_episodes": 3, "episode_rewards": [710.9999999999471, 537.0999999999067, 346.3999999998691], "mean_all_episodes": 531.4999999999077, "std_all_episodes": 148.89998880683686}