{"episode_rewards": [399.89999999999253, 2.638345864662867, 618.0208053691174, 302.83040293040233, 32.741328413286276, 393.53057324839733, 21.18543046357783, 255.0401869158842, 322.2826714801331, -8.46653386454216, -25.36690391459157, -70.42171253822656, 328.0045751633898, 42.757142857146, 18.058904109590458], "mean": 175.5156810998813, "std": 202.02492414308452}