{"number_episodes": 10, "episode_rewards": [885.9999999999886, 832.8999999999642, 881.6999999999872, 878.5999999999804, 861.899999999973, 895.3999999999879, 896.1999999999884, 821.1999999999656, 748.3999999999464, 875.9999999999775], "mean_all_episodes": 857.829999999976, "std_all_episodes": 43.5469643029352}