{"episode_rewards": [794.2396226415007, 901.0999999999856, 821.4017064846256, 839.40177935942, 794.0979522184141, 618.1130584192329, 776.2636363636236, 645.8807073954861, 606.7965517241256, 892.6536231883977, 645.1229299362928, 507.28255033556076, 513.7328530259246, 357.62594752186027, 804.311764705868], "mean": 701.2016455546877, "std": 154.17025634620754}