{"episode_rewards": [885.8154929577279, 888.4057471264281, 881.5849816849706, 896.5216216216035, 902.2999999999919, 915.8999999999924, 893.5102236421608, 860.9389610389438, 908.0999999999838, 905.9999999999857, 880.5201550387507, 892.7571428571257, 908.3999999999867, 762.1950819672014, 879.1531120331913], "mean": 884.1401679978696, "std": 35.37295422730211}